Id,Unknown0_0,Unknown0_1,Unknown1,Unknown2_0,Unknown2_1,Unknown3_0,Unknown3_1,Unknown4,Unknown5,Unknown6,Unknown7,Unknown8,Unknown9,Unknown10
"1","21.06681","-1.32375","0.524978","-16530","-16530","12270","12270","0","1","16","44","11","60","0"
"2","-20","1.90625","0.530331","-11870","-13370","12470","10970","1","1","15","48","9","54","0"
"3","14.5","-7","0.75","-5867","-1600","6400","10670","530","0","23","47","15","61","1"
"4","0.495536","-8.75","0.560268","-3733","-6933","11730","8533","571","1","17","44","12","32","0"
"10","0","0","1","0","0","0","0","-1","751","25","30","28","33","0"
"12","-0.242188","15.86513","0.598479","-4431","-5122","7461","6770","870","1","19","42","19","37","0"
"13","0","0","1","-4771","-6276","11630","10120","1116","0","0","0","0","0","1"
"14","10.24306","-1.720238","0.446925","533","2665","9061","6929","1220","1","15","32","19","39","0"
